Year,Month,Mean Temp (°C),Extr Max Temp (°C),Extr Min Temp (°C),Total Rain (mm),Total Snow (cm)
1901,1,-4.7,7.2,-23.9,19.8,42.9
1901,2,-8.5,1.1,-18.9,0,36.6
1901,3,-1.2,7.2,-17.8,35.3,34.5
1901,4,8,23.3,-1.1,78.5,22.4
1901,5,12.5,25.6,0.6,88.6,0
1901,6,18.5,35.6,5,52.6,0
1901,7,22.9,34.4,11.7,85.9,0
1901,8,20.7,31.1,10,98.6,0
1901,9,16.6,31.1,2.2,77.5,0
1901,10,9.4,22.8,-2.2,14.7,0
1901,11,1.4,16.1,-9.4,33.8,8.1
1901,12,-3,13.9,-17.8,56.6,35.1
1902,1,-4.8,5,-17.2,1.5,64.5
1902,2,-6,7.2,-17.2,23.4,14.7
1902,3,3.1,13.9,-10.6,55.1,8.9
1902,4,6.7,24.4,-3.3,54.6,0.5
1902,5,11.9,26.7,-1.7,48.3,0
1902,6,15.6,27.2,3.3,90.7,0
1902,7,20.5,32.8,10,110.7,0
1902,8,18.6,29.4,8.3,60.5,0
1902,9,15.7,26.1,3.3,85.3,0
1902,10,9.3,20,-3.3,70.9,0
1902,11,6.1,18.3,-8.9,24.9,18.3
1902,12,-4.2,7.8,-19.4,38.4,18
1903,1,-5,6.7,-20.6,17,51.8
1903,2,-3.5,7.8,-21.1,38.4,33
1903,3,4.3,20,-8.9,46,0.5
1903,4,6.6,24.4,-10,87.9,7.6
1903,5,13.3,28.3,-1.7,45.5,0.3
1903,6,16.6,31.1,6.7,84.6,0
1903,7,20.7,33.3,8.3,110.5,0
1903,8,17.7,28.3,8.3,93.2,0
1903,9,16.2,28.9,1.1,10.4,0
1903,10,10.5,23.3,-2.2,67.6,3
1903,11,1.7,21.1,-14.4,25.7,6.6
1903,12,-5.1,3.9,-23.3,26.7,24.1
1904,1,-8.9,4.4,-26.1,13.2,47.5
1904,2,-10.4,5.6,-23.9,27.7,48.5
1904,3,-1.9,10.6,-15.6,58.9,15.2
1904,4,4,14.4,-7.2,67.1,11.9
1904,5,13.2,26.1,1.1,96.5,0
1904,6,17.3,28.9,6.1,70.4,0
1904,7,19.7,33.9,7.8,130.3,0
1904,8,18.3,28.9,7.2,116.1,0
1904,9,14.8,26.1,1.1,101.3,0
1904,10,7.8,21.7,-5,61.5,1.5
1904,11,2.2,14.4,-12.2,2,0.8
1904,12,-5.4,9.4,-17.2,18.8,18
1905,1,-7.8,5.6,-21.7,16,67.3
1905,2,-8.6,3.3,-22.2,1.5,34.8
1905,3,-0.8,17.8,-14.4,8.6,4.3
1905,4,5.7,19.4,-4.4,27.4,8.9
1905,5,11.5,24.4,0,82,0
1905,6,17.6,29.4,4.4,81,0
1905,7,21,33.3,10.6,119.9,0
1905,8,19.7,31.7,9.4,107.2,0
1905,9,16.8,28.3,0,43.9,0
1905,10,9.4,25.6,-3.9,88.6,0
1905,11,2.7,12.2,-10.6,38.1,7.1
1905,12,-0.4,7.8,-13.9,42.4,15.5
1906,1,-0.6,13.9,-15,33.5,10.9
1906,2,-5.4,11.7,-24.4,11.2,9.1
1906,3,-2.8,9.4,-18.3,33.5,31.2
1906,4,7.1,22.2,-3.3,38.1,2.8
1906,5,12.4,30,-0.6,63.8,0
1906,6,18.7,32.8,5.6,98.3,0
1906,7,21.2,33.3,10.6,86.6,0
1906,8,22.1,31.7,11.1,46.5,0
1906,9,18.3,32.2,5.6,93.2,0
1906,10,9.6,22.8,-3.3,107.2,7.1
1906,11,3,15,-5.6,40.9,2
1906,12,-4.9,9.4,-22.2,39.1,32.5
1907,1,-5.5,10.6,-23.3,58.9,45.7
1907,2,-7.5,4.4,-22.2,3.8,18
1907,3,1,17.8,-15,45.7,8.4
1907,4,3.6,21.1,-7.8,50,3
1907,5,9,24.4,-3.3,45,4.1
1907,6,17.7,30.6,6.7,53.8,0
1907,7,20.7,32.2,8.9,51.6,0
1907,8,18.5,30.6,8.9,27.7,0
1907,9,16.5,28.3,4.4,121.9,0
1907,10,7.2,21.7,-4.4,50.3,0
1907,11,2.8,10.6,-7.2,87.1,2.3
1907,12,-1.4,8.3,-13.9,76.7,50.5
1908,1,-4.3,5.6,-25.6,15.5,48.3
1908,2,-7.1,6.7,-27.8,29.7,66.3
1908,3,-0.3,17.8,-13.3,23.4,15.7
1908,4,5.5,23.9,-7.8,43.9,15.2
1908,5,13.5,28.9,-1.7,117.6,0.3
1908,6,19,31.1,6.1,75.4,0
1908,7,21.6,33.3,11.1,74.4,0
1908,8,19.4,33.3,6.1,71.9,0
1908,9,17.7,32.2,2.8,33,0
1908,10,10.8,25.6,-2.2,25.7,0
1908,11,4.3,17.8,-5.6,31.5,9.4
1908,12,-1.6,13.9,-14.4,9.9,42.4
1909,1,-3.2,13.9,-19.4,22.4,45.2
1909,2,-3,7.8,-22.8,41.4,39.4
1909,3,-1.1,8.3,-13.9,30,40.4
1909,4,5,18.3,-8.9,124.5,13
1909,5,12.1,27.8,-0.6,94.5,2
1909,6,18.6,32.2,6.1,30.7,0
1909,7,19.9,30.6,8.9,88.4,0
1909,8,20.7,35.6,7.8,33.8,0
1909,9,15.7,31.7,5,49.8,0
1909,10,7.9,25,-6.1,28.7,0.3
1909,11,4.8,17.8,-10,79.8,5.8
1909,12,-3.3,7.2,-20.6,37.8,29.5
1910,1,-3.7,5,-21.7,38.6,50.5
1910,2,-6.1,6.1,-23.3,20.3,61.5
1910,3,3.8,23.9,-11.1,14.7,2
1910,4,8.3,23.3,-2.8,125,3.3
1910,5,11.5,26.7,0,69.9,0
1910,6,18.2,33.9,5,27.4,0
1910,7,21.8,33.9,11.1,99.1,0
1910,8,19.8,29.4,8.9,77.7,0
1910,9,15.6,27.2,3.9,101.1,0
1910,10,10.7,22.8,-3.9,56.6,0
1910,11,2.3,13.9,-3.3,40.4,24.4
1910,12,-6,3.9,-21.7,5.3,38.9
1911,1,-3.4,6.7,-18.9,30.7,22.4
1911,2,-3.6,8.9,-15,4.8,49
1911,3,-1.1,12.8,-17.2,34.8,17.3
1911,4,6.3,24.4,-8.9,36.6,3.3
1911,5,16.3,32.8,-1.7,50.5,0.5
1911,6,18.7,33.3,8.3,38.6,0
1911,7,22,39.4,8.9,66.5,0
1911,8,20.8,32.2,8.3,61.5,0
1911,9,15.9,30.6,1.1,65.3,0
1911,10,9.8,23.9,-2.8,87.9,3
1911,11,2.2,16.7,-7.8,80.3,17
1911,12,1.1,12.8,-12.8,51.6,21.1
1912,1,-10.1,3.9,-24.4,22.6,52.8
1912,2,-7.3,7.8,-28.3,0.5,41.9
1912,3,-3.5,9.4,-15.6,2.8,47.2
1912,4,5.5,21.7,-7.2,52.3,10.7
1912,5,13,27.8,0,150.1,0.3
1912,6,16.8,31.7,2.8,44.5,0
1912,7,21,33.3,7.8,49.5,0
1912,8,17.8,29.4,5.6,101.1,0
1912,9,17.1,33.9,2.2,83.6,0
1912,10,10.4,23.3,-1.1,59.7,0
1912,11,4.7,15,-5,55.1,5.6
1912,12,0.4,13.3,-11.7,31,16
1913,1,-0.3,11.1,-15.6,81.5,29.5
1913,2,-6.5,11.7,-18.3,11.9,17.8
1913,3,0.8,17.8,-18.9,72.1,31.5
1913,4,7.9,25,-2.2,88.6,0.5
1913,5,12.4,30.6,-1.1,26.7,0
1913,6,18.2,35,3.3,34.5,0
1913,7,21.3,35,10,67.8,0
1913,8,20.4,33.3,5.6,57.9,0
1913,9,15.3,29.4,2.2,24.9,0
1913,10,10.9,27.2,-2.8,62.5,0
1913,11,5.7,17.8,-2.8,95.5,2
1913,12,0.8,12.2,-14.4,12.2,14.2
1914,1,-3.6,12.2,-30,10.7,76.7
1914,2,-9.1,7.2,-27.8,15,32.5
1914,3,-0.8,12.8,-15,31.5,30
1914,4,5.3,19.4,-5.6,46.2,2.5
1914,5,14.8,30.6,1.7,38.4,0
1914,6,18,32.8,3.3,55.1,0
1914,7,21.4,33.9,8.9,25.4,0
1914,8,20.1,33.3,8.9,132.3,0
1914,9,16.2,30.6,2.8,39.4,0
1914,10,11.6,26.1,-3.3,39.4,0
1914,11,3.4,16.7,-10.6,64,8.4
1914,12,-3.5,12.2,-21.7,5.8,38.6
1915,1,-4.7,8.3,-18.3,33.3,69.1
1915,2,-3.3,5.6,-16.1,32.8,21.8
1915,3,-1.1,9.4,-11.7,2.5,18.8
1915,4,10,28.9,-2.8,31.8,1.3
1915,5,11.2,23.3,0.6,40.9,0
1915,6,16.9,27.8,6.1,34,0
1915,7,20.3,30.6,10.6,114.6,0
1915,8,19.1,31.1,4.4,206.8,0
1915,9,17.5,30.6,-0.6,107.7,0
1915,10,11.1,23.3,-1.1,55.6,0
1915,11,4.9,16.1,-4.4,40.6,7.4
1915,12,-2.4,5,-12.2,19.6,44.5
1916,1,-1,11.7,-17.2,55.9,7.9
1916,2,-7.3,6.7,-22.8,0,62.7
1916,3,-3.7,13.9,-18.9,22.4,47.2
1916,4,7,20.6,-3.9,77.7,4.8
1916,5,12.4,27.2,2.2,142.2,0
1916,6,15.7,25.6,4.4,109.5,0
1916,7,24.5,37.8,12.2,9.1,0
1916,8,22.3,36.7,7.8,39.9,0
1916,9,16.2,32.2,1.7,42.4,0
1916,10,9.8,29.4,-1.1,100.1,0
1916,11,3.2,17.8,-11.1,25.7,16.3
1916,12,-2.8,12.8,-15,19.6,32
1917,1,-5.2,4.4,-22.8,30,45.5
1917,2,-8.3,7.2,-23.9,7.6,15.2
1917,3,0.1,17.2,-13.9,33.3,25.9
1917,4,5.1,18.3,-6.7,79.8,5.8
1917,5,9.7,25.6,1.1,70.1,0
1917,6,16.1,28.3,5,127.3,0
1917,7,21.4,36.7,9.4,91.2,0
1917,8,19.9,33.3,7.8,113,0
1917,9,14.8,27.2,2.2,16.8,0
1917,10,7,16.7,-1.7,121.2,0.5
1917,11,1.4,12.8,-12.2,26.9,5.3
1917,12,-6.9,5.6,-27.2,2.5,58.4
1918,1,-10.4,0.6,-22.2,0,58.4
1918,2,-6,9.4,-28.9,73.4,30.5
1918,3,0.9,19.4,-14.4,25.1,26.4
1918,4,6.5,20.6,-5,33.8,2
1918,5,14,27.8,-1.1,67.3,0
1918,6,16.4,31.7,3.9,99.8,0
1918,7,20.9,33.3,8.9,43.9,0
1918,8,21.7,38.9,8.9,105.4,0
1918,9,13.6,27.2,3.9,118.1,0
1918,10,10.8,22.8,-1.1,72.4,0
1918,11,5.6,18.9,-7.8,29.5,7.4
1918,12,-0.4,10.6,-10,43.2,38.1
1919,1,-1.5,8.3,-17.2,15.5,10.9
1919,2,-2.1,11.7,-12.2,35.8,12.7
1919,3,1,13.3,-13.9,64,17.3
1919,4,5.9,17.2,-12.2,67.1,6.6
1919,5,13,33.3,3.9,130.8,0
1919,6,22.5,34.4,8.3,69.1,0
1919,7,22.9,36.7,11.1,81.3,0
1919,8,20,33.3,8.9,55.1,0
1919,9,17.5,35,3.9,48.5,0
1919,10,11.7,26.7,0,75.7,0
1919,11,3.5,17.8,-8.9,40.4,1
1919,12,-5.2,9.4,-21.7,1,24.4
1920,1,-10.6,2.8,-27.8,0,61.5
1920,2,-6.6,7.8,-22.8,0.3,39.9
1920,3,1,18.9,-18.3,43.7,15
1920,4,4.6,15.6,-7.8,67.8,15
1920,5,12.5,28.3,-0.6,9.9,0
1920,6,18.8,33.9,7.8,73.7,0
1920,7,19.2,30.6,6.7,92.5,0
1920,8,21.1,31.7,8.9,25.7,0
1920,9,17.7,30.6,2.8,50.8,0
1920,10,12.8,27.2,0.6,92.7,0.8
1920,11,2.7,16.7,-6.7,66.5,27.7
1920,12,-0.3,10.6,-12.2,48,29.2
1921,1,-2.3,11.7,-20.6,6.9,10.2
1921,2,-2,11.7,-13.9,4.8,29.5
1921,3,3.7,21.1,-13.9,51.1,2.5
1921,4,9.6,23.9,-3.3,115.6,9.1
1921,5,14.6,30.6,0.6,48,0
1921,6,20.4,32.8,7.2,54.6,0
1921,7,25.5,36.7,15,67.6,0
1921,8,20.1,32.8,8.3,52.6,0
1921,9,19.9,33.3,6.1,32.3,0
1921,10,10.2,22.2,0.6,113.3,0
1921,11,2.4,16.7,-6.1,17.8,19.1
1921,12,-2,11.1,-17.8,43.9,17.3
1922,1,-4.8,7.8,-18.3,12.2,22.9
1922,2,-3.1,8.9,-21.7,43.2,31.8
1922,3,1.3,14.4,-10.6,52.1,29.5
1922,4,7.5,25.6,-3.9,91.4,0.5
1922,5,15.4,26.7,1.7,37.1,0
1922,6,19.3,32.8,7.2,125,0
1922,7,20.9,30.6,10,75.4,0
1922,8,20.6,33.9,8.9,37.3,0
1922,9,17.6,33.9,1.7,75.9,0
1922,10,9.9,28.3,-3.9,24.4,0
1922,11,4.9,16.1,-6.1,24.1,13.5
1922,12,-2,15.6,-14.4,14,30
1923,1,-5.7,6.1,-24.4,7.9,72.4
1923,2,-7.3,6.1,-20.6,0.3,26.7
1923,3,-2.7,10.6,-16.1,26.7,52.1
1923,4,5.8,27.2,-15,52.6,6.4
1923,5,11,28.3,-2.8,90.4,3.8
1923,6,19.2,35.6,6.7,107.7,0
1923,7,20.6,33.3,10.6,43.7,0
1923,8,18.8,32.2,6.1,90.9,0
1923,9,16,29.4,2.8,67.8,0
1923,10,9.4,20.6,0,41.9,0.3
1923,11,3.9,14.4,-5.6,78.7,5.1
1923,12,2.3,11.7,-7.8,62.7,14
1924,1,-4.8,6.1,-21.1,59.7,64.5
1924,2,-6.5,3.9,-18.9,0.8,82.3
1924,3,-0.2,10.6,-12.2,13,6.9
1924,4,6,18.9,-7.2,55.9,8.9
1924,5,10.1,21.1,-1.1,112.3,0
1924,6,17.2,27.8,3.9,44.2,0
1924,7,19.6,31.1,8.9,106.2,0
1924,8,19.4,32.2,8.9,99.8,0
1924,9,13.9,27.2,3.3,107.4,0
1924,10,10.3,22.2,-0.6,15.7,0
1924,11,3.9,20,-10.6,21.3,2.8
1924,12,-4.5,11.7,-18.9,30.2,29.2
1925,1,-6.5,4.4,-23.9,0,50.8
1925,2,-2.6,10,-16.7,67.1,24.4
1925,3,1.7,16.7,-17.2,54.1,18.5
1925,4,7.4,26.1,-3.9,30.2,4.1
1925,5,10.5,27.2,-1.1,31,0
1925,6,19.3,35,5.6,53.3,0
1925,7,19.8,31.1,7.8,99.3,0
1925,8,20.5,31.1,8.9,52.8,0
1925,9,16.5,30,2.2,97.3,0
1925,10,5.8,18.3,-4.4,56.1,10.7
1925,11,3.2,13.3,-9.4,92.2,4.3
1925,12,-3.1,8.9,-25.6,9.1,20.1
1926,1,-4.1,7.8,-20.6,13.2,47.8
1926,2,-6.1,4.4,-17.2,24.9,46.7
1926,3,-3.3,8.9,-18.3,51.8,21.8
1926,4,3,22.2,-8.9,61.7,11.7
1926,5,11.6,26.7,-1.7,32.8,0
1926,6,15.4,28.3,3.3,88.1,0
1926,7,19.9,32.8,7.8,45,0
1926,8,20.3,30,10,155.4,0
1926,9,15.1,26.7,2.2,145.3,0
1926,10,8.4,26.1,-1.1,81.3,0.3
1926,11,3.1,17.2,-9.4,95.5,1.8
1926,12,-4.5,6.1,-19.4,8.9,27.7
1927,1,-6,6.7,-27.2,12.4,27.4
1927,2,-2.8,8.3,-13.3,9.1,42.7
1927,3,1.8,15,-12.2,44.7,12.7
1927,4,6.4,23.3,-3.9,23.1,3
1927,5,11.5,32.2,1.7,81.5,0
1927,6,16.5,35,3.9,64,0
1927,7,20.5,32.8,8.3,149.1,0
1927,8,18.2,29.4,8.9,37.3,0
1927,9,17.5,31.1,3.9,28.2,0
1927,10,11.7,25,1.7,55.6,0
1927,11,5,20.6,-5.6,105.2,10.2
1927,12,-1.6,12.2,-13.3,66.8,7.6
1928,1,-3.8,6.7,-17.2,34.8,23.4
1928,2,-4.4,6.1,-20,34.5,8.4
1928,3,-0.8,21.7,-12.8,26.7,29.5
1928,4,5.4,22.2,-5,48.3,17.3
1928,5,12.3,27.8,0.6,18.3,0
1928,6,16.4,27.2,3.9,100.8,0
1928,7,21.1,32.2,11.1,143.3,0
1928,8,21.5,32.2,11.1,126.7,0
1928,9,14.3,26.7,0.6,72.4,0
1928,10,10.5,28.9,-5,74.7,0
1928,11,4.3,18.3,-8.9,105.9,2.3
1928,12,0.5,8.3,-10.6,26.4,4.3
1929,1,-5,7.2,-18.3,102.1,36.6
1929,2,-5.6,6.1,-19.4,4.1,33.8
1929,3,2.7,18.3,-15.6,81.8,8.1
1929,4,7.6,23.3,-6.1,154.4,0.3
1929,5,11.7,32.8,0.6,95.5,0.3
1929,6,17.7,33.3,2.8,36.8,0
1929,7,20.4,32.8,7.8,112.5,0
1929,8,18.6,31.1,9.4,49.3,0
1929,9,16.8,34.4,2.8,19.8,0
1929,10,9.2,22.2,-2.2,62,0
1929,11,3.3,16.1,-14.4,81.5,2.8
1929,12,-3.7,5,-14.4,1.8,56.4
1930,1,-5.2,8.3,-20,51.3,33.3
1930,2,-2.9,12.8,-21.1,29.2,28.7
1930,3,-0.6,10.6,-9.4,54.6,26.7
1930,4,6.1,21.7,-3.9,30.2,1
1930,5,14.2,30.6,1.7,70.4,0
1930,6,19.4,32.8,7.8,61.7,0
1930,7,21.2,33.3,10,78.7,0
1930,8,20.7,35,7.8,22.6,0
1930,9,17.4,30.6,3.9,71.9,0
1930,10,9.5,23.9,-2.8,47,0.5
1930,11,5,16.1,-10.6,15,2.3
1930,12,-1.8,7.2,-17.2,13.2,16.3
1931,1,-4,7.2,-17.8,9.4,57.2
1931,2,-3,6.1,-17.8,4.6,24.1
1931,3,0.8,8.9,-7.2,27.7,43.9
1931,4,7.1,25.6,-2.2,39.1,9.1
1931,5,13.3,28.9,-1.1,48,0
1931,6,18.9,32.8,6.1,54.9,0
1931,7,23.1,36.7,12.2,78.7,0
1931,8,20.8,33.3,7.8,53.3,0
1931,9,18.9,35.6,5.6,55.4,0
1931,10,11.8,25,1.1,50.5,0
1931,11,7.7,18.9,-2.2,60.5,1.5
1931,12,0.8,10.6,-11.7,60.2,16
1932,1,1.9,13.3,-10.6,135.1,38.6
1932,2,-1.3,10.6,-12.8,36.1,34
1932,3,-1.6,14.4,-15,3.8,37.1
1932,4,5,24.4,-6.7,44.5,22.1
1932,5,12.9,28.3,0,81,0
1932,6,19.2,28.3,6.7,25.4,0
1932,7,19.9,30.6,10,90.4,0
1932,8,21,35,10.6,105.9,0
1932,9,16.7,30.6,3.3,77.2,0
1932,10,10.8,22.8,0.6,54.4,0.8
1932,11,2.1,15,-13.3,73.9,19.8
1932,12,-0.9,13.9,-16.7,52.1,8.4
1933,1,0.9,12.8,-15,35.8,5.3
1933,2,-3.3,7.8,-21.1,25.1,16
1933,3,-0.2,10,-12.8,31,13
1933,4,7.3,21.7,-2.8,62.7,2
1933,5,14.2,28.3,2.2,28.4,0
1933,6,19.8,33.3,6.1,46.7,0
1933,7,22.8,36.7,12.2,38.9,0
1933,8,20.7,34.4,11.7,61.2,0
1933,9,17.1,32.2,3.9,34.3,0
1933,10,8.9,20.6,-5.6,57.4,0
1933,11,-0.2,16.1,-13.9,36.3,37.3
1933,12,-4.3,10,-30,27.7,46.2
1934,1,-3.5,6.1,-22.8,25.9,12.7
1934,2,-12.1,1.1,-29.4,0,23.6
1934,3,-2.2,11.7,-17.2,40.4,27.4
1934,4,5.6,21.7,-2.8,61.5,4.8
1934,5,14.3,30,1.1,11.9,0
1934,6,20,34.4,9.4,69.9,0
1934,7,22,33.9,12.2,40.1,0
1934,8,18.7,31.7,7.2,25.7,0
1934,9,17.2,25.6,6.7,107.7,0
1934,10,9.3,22.8,-2.2,33.3,0.5
1934,11,5.7,17.2,-3.9,78.7,0
1934,12,-3.6,7.2,-17.8,22.9,40.1
1935,1,-6.3,7.8,-23.9,46.5,30.5
1935,2,-5.4,8.9,-20.6,21.8,38.9
1935,3,2,20,-12.2,25.9,5.8
1935,4,6.5,20,-3.9,18.5,5.6
1935,5,11.2,26.1,0,43.2,0
1935,6,17.7,28.3,5.6,86.9,0
1935,7,23.3,33.9,13.9,91.2,0
1935,8,21.1,31.7,7.8,11.4,0
1935,9,14.9,27.8,0.6,81.3,0
1935,10,10.2,26.1,-2.8,39.9,0
1935,11,4.4,17.8,-9.4,79.5,1.3
1935,12,-5.2,6.7,-21.1,15.2,37.3
1936,1,-5.3,5,-18.9,24.1,30.2
1936,2,-8.1,8.3,-19.4,17.3,49
1936,3,1.4,16.1,-14.4,50.5,52.8
1936,4,4.3,17.8,-4.4,71.6,4.6
1936,5,14.9,32.2,0,18.3,0
1936,6,18.3,30.6,8.9,73.9,0
1936,7,22.9,40.6,11.1,19.6,0
1936,8,20.6,36.1,10,44.5,0
1936,9,17.1,30.6,2.8,73.7,0
1936,10,9.5,22.8,-6.1,61.5,0.8
1936,11,1.4,17.8,-16.1,20.8,12.2
1936,12,-0.3,11.7,-15,66,19.6
1937,1,-0.5,11.7,-11.7,125.2,6.4
1937,2,-2.2,10,-15,48.3,7.9
1937,3,-1.9,7.2,-12.8,14.5,23.1
1937,4,6.3,18.3,-1.7,101.9,0.3
1937,5,13.7,29.4,3.3,73.7,0
1937,6,18.9,28.9,8.9,92.5,0
1937,7,21.9,35,8.3,74.2,0
1937,8,22.6,31.7,11.7,73.4,0
1937,9,15.7,32.2,2.8,35.3,0
1937,10,8.7,25.6,-1.7,69.3,0.5
1937,11,3.7,15,-6.7,45.7,0
1937,12,-2.5,6.1,-16.7,19.3,23.6
1938,1,-5.4,8.3,-20,16.8,24.6
1938,2,-2.7,10.6,-20,82.8,9.1
1938,3,2.2,22.8,-20.6,33.8,7.9
1938,4,8,28.3,-6.7,31.8,12.7
1938,5,12.9,25.6,2.2,54.6,0
1938,6,18.8,31.1,8.3,37.8,0
1938,7,22.2,33.3,11.7,66.5,0
1938,8,22.8,33.3,11.7,52.3,0
1938,9,15,27.8,5.6,101.1,0
1938,10,11.2,27.8,0.6,26.2,0
1938,11,5.1,20.6,-10,32.5,4.3
1938,12,-0.6,10.6,-12.8,20.8,35.8
1939,1,-4.6,11.1,-22.8,7.6,49.5
1939,2,-4,7.8,-21.7,41.4,50.5
1939,3,-1.8,11.1,-15.6,30,50
1939,4,4.8,24.4,-4.4,67.6,19.6
1939,5,14.4,30,1.7,37.8,0
1939,6,18.7,31.7,8.3,48.5,0
1939,7,22.2,33.9,10,43.7,0
1939,8,22.4,30.6,14.4,105.9,0
1939,9,16.6,33.3,5,64,0
1939,10,10.2,24.4,-1.7,48,0
1939,11,2.8,16.7,-6.7,8.1,0
1939,12,-0.3,9.4,-15,24.1,7.4
1940,1,-7.5,6.7,-21.1,20.1,29.7
1940,2,-4.2,5,-16.7,0.3,38.9
1940,3,-3.2,9.4,-14.4,21.8,35.1
1940,4,5.3,19.4,-7.2,55.1,10.4
1940,5,12.3,25,3.3,127.3,0
1940,6,17.4,31.7,6.1,94.7,0
1940,7,21.6,33.9,8.9,41.1,0
1940,8,20.6,30.6,7.2,67.6,0
1940,9,16.3,30.6,3.3,93.7,0
1940,10,8.9,23.9,-2.8,44.5,0
1940,11,3.4,17.8,-9.4,80,42.2
1940,12,-1.2,9.4,-18.9,84.6,11.9
1941,1,-5.3,4.4,-19.4,23.9,41.7
1941,2,-4.5,7.8,-15,8.1,27.4
1941,3,-2.7,7.2,-17.8,14.7,26.2
1941,4,10.4,27.8,-1.1,33,0
1941,5,14.8,32.2,2.8,57.9,0
1941,6,20.5,34.4,7.2,40.1,0
1941,7,22.3,35,11.1,122.2,0
1941,8,20.1,33.9,8.3,49.3,0
1941,9,17.5,28.9,3.3,21.3,0
1941,10,11.1,26.7,0,95,0
1941,11,5.7,18.9,-3.3,56.6,0
1941,12,0.2,15,-13.9,21.8,16
1942,1,-4,8.3,-22.2,41.4,11.9
1942,2,-6.2,3.9,-20,15.2,33.5
1942,3,2.4,12.8,-4.4,85.9,14.2
1942,4,9.9,29.4,-2.2,30,14
1942,5,13.6,27.8,1.1,172.5,0
1942,6,19,31.7,7.8,33.8,0
1942,7,21.3,32.2,10,145.5,0
1942,8,20.7,31.1,7.2,29.5,0
1942,9,16.4,30,1.7,92.7,0
1942,10,10.8,22.2,-0.6,73.4,0
1942,11,4.4,17.8,-9.4,54.4,14.5
1942,12,-4,4.4,-27.2,68.6,37.1
1943,1,-6.9,3.9,-20,6.1,68.3
1943,2,-3.5,11.7,-29.4,39.1,20.3
1943,3,-1.1,14.4,-17.2,87.1,23.9
1943,4,4,22.8,-8.9,62.5,20.3
1943,5,12.8,27.2,-1.1,116.3,0
1943,6,20.8,34.4,8.9,74.2,0
1943,7,21.9,31.1,9.4,76.5,0
1943,8,20.5,32.2,10.6,62.2,0
1943,9,15.6,32.2,3.3,35.8,0
1943,10,9.4,26.7,0.6,78.7,0
1943,11,3.3,12.8,-6.7,40.4,4.1
1943,12,-2.9,8.3,-21.1,10.4,2.8
1944,1,-1.1,11.1,-17.8,19.1,6.6
1944,2,-3.7,8.3,-16.7,5.8,49.5
1944,3,-1.9,14.4,-15.6,54.4,30
1944,4,4.8,21.1,-5.6,54.9,17
1944,5,15.6,29.4,3.9,97.5,0
1944,6,19.1,33.3,7.2,109.7,0
1944,7,22,32.8,12.2,79.8,0
1944,8,22.3,35.6,11.1,35.6,0
1944,9,16.8,28.3,3.3,54.1,0
1944,10,10.3,25.6,-1.7,13.2,0
1944,11,4.5,18.3,-2.8,38.4,10.7
1944,12,-3.4,8.3,-16.7,10.9,92.5
1945,1,-9.4,3.3,-25,0,45.7
1945,2,-3.4,7.2,-14.4,26.4,30.2
1945,3,6.2,23.3,-7.8,113,3.3
1945,4,8.7,23.9,-1.1,96.3,10.9
1945,5,10.3,25.6,1.1,137.2,0
1945,6,17.4,32.2,2.8,97.8,0
1945,7,20.6,31.1,6.7,74.4,0
1945,8,21,33.3,8.3,55.1,0
1945,9,16.8,31.1,1.7,158.5,0
1945,10,9.2,21.7,0,65,0
1945,11,4.4,18.9,-4.4,47.2,12.7
1945,12,-4.2,8.3,-19.4,38.6,18.5
1946,1,-3.4,13.9,-21.1,8.1,56.6
1946,2,-5.2,10,-19.4,28.7,54.6
1946,3,6.1,26.7,-7.2,30.5,1.5
1946,4,7.1,22.2,-2.2,21.1,3.3
1946,5,12.5,28.9,1.1,107.4,0
1946,6,18.3,32.2,5,52.1,0
1946,7,21.3,32.2,10.6,93,0
1946,8,19,30.6,8.9,48.5,0
1946,9,17.2,29.4,5,39.6,0
1946,10,12.3,27.8,1.1,87.1,0
1946,11,5.9,16.7,-3.3,37.3,13
1946,12,-1.5,14.4,-16.7,39.9,24.1
1947,1,-3,8.9,-17.8,39.9,59.9
1947,2,-5.4,6.1,-16.1,0.3,25.1
1947,3,-0.6,12.8,-11.1,29.2,36.6
1947,4,5.8,20,-2.8,59.4,12.7
1947,5,11.3,26.7,-1.1,85.3,0.5
1947,6,18.2,31.7,5.6,115.1,0
1947,7,21.1,32.2,10,143.3,0
1947,8,23,33.9,9.4,59.9,0
1947,9,17.5,31.1,1.7,45.5,0
1947,10,14.6,26.1,1.1,28.4,0
1947,11,3.8,14.4,-7.2,31.8,13
1947,12,-2.7,8.3,-13.9,26.2,34.5
1948,1,-7.3,3.9,-24.4,2.8,37.1
1948,2,-5,11.1,-18.3,31.8,48.5
1948,3,0.1,16.7,-18.3,49.3,16.3
1948,4,8.5,21.7,-3.9,49.5,0.3
1948,5,11.9,23.9,1.7,67.1,0
1948,6,18.8,29.4,7.2,103.1,0
1948,7,22,31.7,10.6,33.3,0
1948,8,21.7,38.3,11.1,22.6,0
1948,9,19,32.2,6.7,56.4,0
1948,10,9.4,20.6,-0.6,66.8,0
1948,11,7.5,18.3,-1.1,83.8,0
1948,12,-0.4,11.1,-18.3,21.8,42.2
1949,1,-1.6,11.1,-12.8,52.6,21.8
1949,2,-1.4,11.7,-15.6,41.7,30.5
1949,3,0.4,18.3,-12.2,22.4,32.5
1949,4,7.7,23.9,-2.2,29.2,1.3
1949,5,14.7,31.7,2.8,10.4,0
1949,6,22.4,34.4,3.9,1.5,0
1949,7,23.3,33.9,12.2,79.8,0
1949,8,22.8,37.2,10,36.3,0
1949,9,15.1,28.3,3.3,86.9,0
1949,10,13.1,26.1,0,46.2,0
1949,11,2.9,16.7,-15.6,29,22.6
1949,12,0.2,13.9,-10.6,66.5,10.9
1950,1,-0.1,15.6,-18.9,59.7,41.7
1950,2,-4.6,4.4,-24.4,29.5,70.9
1950,3,-2.2,13.3,-18.3,28.4,29.7
1950,4,4.6,18.9,-7.8,54.1,1.8
1950,5,13.2,25.6,0,26.4,0
1950,6,18.3,30.6,6.1,56.4,0
1950,7,20.8,31.1,8.9,110,0
1950,8,20.4,30.6,8.3,98.3,0
1950,9,15.5,26.1,3.3,19.8,0
1950,10,12.2,24.4,1.1,100.6,0
1950,11,3.7,23.9,-7.8,43.7,57.2
1950,12,-1.9,11.1,-16.1,23.4,3.6
1951,1,-2.6,10.6,-15.6,32.8,28.7
1951,2,-2.5,11.7,-20,35.6,20.8
1951,3,1.8,11.1,-8.3,85.9,23.9
1951,4,7.6,22.8,0.6,115.3,0
1951,5,14.8,30.6,2.8,31,0
1951,6,18.7,29.4,7.8,99.8,0
1951,7,21.9,32.2,11.7,100.3,0
1951,8,20.5,31.1,9.4,41.4,0
1951,9,16.7,29.4,1.7,37.3,0
1951,10,11.4,27.8,1.7,50.5,0
1951,11,1.7,16.1,-12.2,66.5,34
1951,12,-1.7,13.9,-18.9,24.1,71.1
1952,1,-2.6,9.4,-20.6,26.9,45.5
1952,2,-1.8,6.7,-16.7,23.4,19.1
1952,3,0.2,15.6,-10,66.3,7.9
1952,4,9.8,25.6,-1.7,53.6,0.3
1952,5,12.7,25,2.8,82.6,0
1952,6,19.7,34.4,8.9,27.7,0
1952,7,23.5,33.9,11.7,77.7,0
1952,8,20.8,32.8,8.9,47,0
1952,9,18,32.8,5,39.4,0
1952,10,8.5,23.3,-3.3,15,2.3
1952,11,5.7,20,-5.6,88.4,0
1952,12,1,10.6,-15,33,9.1
1953,1,-1.3,11.1,-12.8,29.5,16
1953,2,-0.8,10.6,-13.9,8.6,19.1
1953,3,2.5,15,-13.3,71.9,0.3
1953,4,7,18.9,-1.1,63.8,0
1953,5,13.8,31.1,4.4,110.7,0
1953,6,19.6,33.9,9.4,45.5,0
1953,7,22.3,32.8,10.6,70.1,0
1953,8,22,36.1,11.1,50.5,0
1953,9,17.4,37.8,4.4,96.8,0
1953,10,12,22.8,1.1,21.3,0
1953,11,6.8,17.8,-4.4,29.2,16.8
1953,12,1.1,12.8,-15,31.8,14.5
1954,1,-6,8.3,-20.6,22.1,37.1
1954,2,0.5,13.9,-21.1,25.7,36.8
1954,3,0,15,-11.1,59.9,30.5
1954,4,7.9,25,-11.7,103.6,0
1954,5,12.5,26.1,1.7,21.8,0
1954,6,19.9,31.1,8.3,86.1,0
1954,7,21.5,33.9,10.6,7.4,0
1954,8,20.1,31.1,9.4,97,0
1954,9,16.5,30,5.6,49,0
1954,10,12,26.1,0,154.9,0
1954,11,5.3,16.7,-1.7,46.5,2.8
1954,12,-1.8,7.8,-13.9,37.6,24.1
1955,1,-3.9,6.1,-15,17.3,31.2
1955,2,-3,8.9,-22.8,17,35.8
1955,3,0.2,15,-11.7,37.1,32
1955,4,10.5,23.9,-1.7,77.7,0
1955,5,15.5,30.6,2.8,65.5,0
1955,6,20.2,31.1,11.1,36.3,0
1955,7,24.6,35,14.4,70.4,0
1955,8,23.5,36.7,12.8,128,0
1955,9,16.9,31.7,6.1,29.7,0
1955,10,12.2,25,-0.6,125.2,0
1955,11,3.7,14.4,-11.7,45.2,6.1
1955,12,-3.8,9.4,-20,16.8,44.7
1956,1,-3.9,6.1,-15.6,11.4,36.3
1956,2,-2.2,7.8,-13.3,22.1,30
1956,3,-0.9,8.3,-12.8,54.4,44.5
1956,4,5.5,16.7,-2.8,67.1,12.2
1956,5,11.1,31.7,0,119.4,0
1956,6,19.2,35,7.8,41.4,0
1956,7,20.4,32.2,11.7,84.3,0
1956,8,20.2,31.1,10.6,150.9,0
1956,9,14.4,27.8,2.2,47.2,0
1956,10,12.2,24.4,1.7,28.2,0
1956,11,5.2,18.9,-8.9,33,7.6
1956,12,0.1,10,-18.3,41.7,22.1
1957,1,-6.5,9.4,-23.3,29.7,42.2
1957,2,-1.4,12.2,-10.6,30.7,31
1957,3,2.2,13.3,-8.3,22.1,11.9
1957,4,8.6,26.7,-2.8,68.6,17.8
1957,5,12.6,27.8,-0.6,77,0
1957,6,20,33.3,7.8,92.2,0
1957,7,21.5,31.7,11.1,53.3,0
1957,8,20.2,32.8,11.1,40.6,0
1957,9,16.8,28.9,3.3,126.2,0
1957,10,10.4,23.3,-2.2,64.3,0
1957,11,5.6,15.6,-4.4,54.6,0.5
1957,12,1.2,13.3,-16.7,71.4,11.9
1958,1,-3.8,5.6,-17.8,4.1,32.8
1958,2,-6.2,7.2,-22.2,29.2,19.6
1958,3,2.6,11.1,-6.7,15.5,10.2
1958,4,9.1,23.9,-3.9,35.3,4.6
1958,5,12.7,26.7,1.1,27.2,0
1958,6,16.4,31.1,5.6,55.6,0
1958,7,21.6,32.2,11.7,63.8,0
1958,8,20.8,30.6,8.9,108,0
1958,9,17.1,30.6,6.1,98.6,0
1958,10,10.8,22.2,0.6,32.8,0
1958,11,5.3,19.4,-13.3,63.2,28.2
1958,12,-5.2,6.1,-20,1.8,25.4
1959,1,-5.8,9.4,-19.4,41.7,28.2
1959,2,-5.7,5.6,-18.9,42.9,46.7
1959,3,-0.6,12.2,-15.6,38.6,36.8
1959,4,8.1,24.4,-1.1,72.9,0
1959,5,14.5,27.8,1.7,38.9,0.5
1959,6,20.3,33.9,7.2,19.8,0
1959,7,22.9,32.8,12.8,31.2,0
1959,8,24.2,34.4,12.2,34.3,0
1959,9,19.3,33.9,2.2,99.8,0
1959,10,10.4,25,-0.6,83.3,0
1959,11,3,19.4,-9.4,57.4,15.5
1959,12,-0.2,8.9,-15,77.7,21.3
1960,1,-3.5,3.9,-17.8,37.6,63.5
1960,2,-2.9,6.1,-16.1,31,63
1960,3,-3.8,13.9,-15,4.6,42.4
1960,4,8,22.2,-3.3,76.5,5.3
1960,5,13.9,25.6,2.8,134.4,0
1960,6,18.6,29.4,9.4,61.7,0
1960,7,20.9,32.2,10.6,111.3,0
1960,8,21.1,33.3,11.1,31.2,0
1960,9,18.6,32.2,6.7,7.9,0
1960,10,11,22.8,-0.6,65.3,0
1960,11,6.6,15.6,-2.8,50.5,1.8
1960,12,-3.9,13.3,-19.4,6.9,14.7
1961,1,-6.4,6.7,-18.9,0.5,26.4
1961,2,-1.2,11.7,-22.8,56.6,30.2
1961,3,1.2,15.6,-14.4,32,42.2
1961,4,5.4,20,-2.2,89.4,15
1961,5,12.4,26.7,1.1,67.3,0
1961,6,18.1,31.7,7.8,109.5,0
1961,7,21.9,32.2,9.4,111.8,0
1961,8,21.4,31.7,11.7,50.3,0
1961,9,20.4,32.8,6.7,38.1,0
1961,10,13,26.1,2.2,13.5,0
1961,11,4.8,23.3,-5.6,56.4,3.8
1961,12,-1.2,11.7,-13.3,26.9,15.2
1962,1,-5.4,4.4,-18.3,40.1,26.7
1962,2,-6.2,8.3,-21.1,10.7,62
1962,3,1.4,21.1,-16.7,8.1,2.5
1962,4,7.9,30.6,-3.3,29,5.3
1962,5,16.4,34.4,3.3,29,0
1962,6,19.6,31.1,7.8,65.8,0
1962,7,20.6,32.2,11.7,96.5,0
1962,8,21.2,30.6,11.7,36.3,0
1962,9,15.7,29.4,5,154.7,0
1962,10,11.4,25,-1.7,77.7,2
1962,11,4.1,12.2,-3.9,71.1,1.8
1962,12,-2.7,11.7,-22.2,36.1,24.4
1963,1,-6.9,3.3,-22.8,0.5,19.6
1963,2,-7.5,6.1,-22.2,2,16.3
1963,3,2,22.2,-10.6,56.6,20.1
1963,4,8,18.3,-3.3,57.4,13.2
1963,5,12.6,25.6,-1.1,72.1,1.8
1963,6,19.8,32.2,8.3,21.1,0
1963,7,22.3,34.4,9.4,63.5,0
1963,8,19.6,30.6,10,77.2,0
1963,9,15,26.7,3.9,42.2,0
1963,10,14.6,30,0.6,9.1,0
1963,11,7.3,16.7,-6.1,78.7,1.3
1963,12,-5.3,7.2,-19.4,5.6,49.5
1964,1,-1.8,8.9,-20.6,46.7,15.7
1964,2,-3.2,7.8,-13.9,0.5,33.8
1964,3,0.7,13.9,-8.9,53.1,32.3
1964,4,7,23.9,-9.4,57.7,10.2
1964,5,15.6,33.3,4.4,41.7,0
1964,6,18.8,36.7,6.1,44.5,0
1964,7,23,34.4,13.9,126,0
1964,8,18.6,29.4,8.9,137.7,0
1964,9,16.3,30,4.4,10.2,0
1964,10,10,24.4,-1.1,48.8,0
1964,11,5.8,17.2,-10,37.6,3.3
1964,12,-1.1,12.2,-14.4,36.6,23.9
1965,1,-5.1,12.2,-21.7,30.2,55.4
1965,2,-4.2,12.2,-16.1,45.2,41.9
1965,3,-0.8,9.4,-11.1,12.7,47
1965,4,5.4,21.1,-4.4,61,10.4
1965,5,15.3,28.3,4.4,41.1,0
1965,6,18.5,30.6,6.1,37.8,0
1965,7,19.6,31.1,10,68.6,0
1965,8,19.9,34.4,6.7,67.8,0
1965,9,16.9,30,2.2,58.7,0
1965,10,9.3,20,-4.4,113.5,1.3
1965,11,4.5,17.8,-4.4,78,3.6
1965,12,1.3,13.9,-12.8,47.5,15
1966,1,-5.9,13.9,-20.6,3.6,70.9
1966,2,-3,8.3,-19.4,21.3,13.5
1966,3,2.1,18.3,-10.6,45.5,13.5
1966,4,6.4,17.2,-1.1,25.4,24.6
1966,5,11,27.8,0,49,1.3
1966,6,20.1,34.4,6.1,61.2,0
1966,7,23.2,36.1,13.9,20.8,0
1966,8,21,31.1,11.7,62.7,0
1966,9,15.9,31.7,5,62,0
1966,10,9.9,21.1,-3.3,15.2,0
1966,11,5.6,15,-4.4,137.7,9.4
1966,12,-1.7,15.6,-15.6,69.9,20.3
1967,1,-1,16.1,-16.1,21.8,49
1967,2,-6.6,6.7,-24.4,13.5,48.3
1967,3,-0.6,16.7,-20.6,3.6,28.7
1967,4,7.3,20.6,-5,65.8,16.3
1967,5,10.2,21.7,1.7,63,0.5
1967,6,20.9,31.7,11.7,146.1,0
1967,7,20.9,30.6,10.6,81.3,0
1967,8,19.9,29.4,8.9,44.5,0
1967,9,16.1,28.3,3.3,79,0
1967,10,10.5,25.6,0.6,68.8,0
1967,11,2.6,13.9,-9.4,49.3,2.3
1967,12,-0.1,13.3,-11.1,70.6,16
1968,1,-6.2,4.4,-23.3,54.4,51.1
1968,2,-5.9,8.3,-20,31.8,7.6
1968,3,2.1,18.3,-14.4,29,39.9
1968,4,9.3,23.3,-3.3,31.5,0
1968,5,11.5,20,2.2,101.1,0
1968,6,18.1,31.1,8.3,74.7,0
1968,7,21.5,33.9,9.4,41.9,0
1968,8,20.9,32.8,10.6,167.1,0
1968,9,18.7,26.7,7.8,76.7,0
1968,10,12.2,27.8,0.6,46.2,0
1968,11,4.3,16.1,-2.8,93.2,7.6
1968,12,-3,10,-19.4,34.3,50.5
1969,1,-4.1,8.3,-18.3,45,15
1969,2,-2.6,5,-14.4,4.1,14
1969,3,-0.2,13.9,-13.3,26.7,9.9
1969,4,8.4,25.6,-4.4,80.3,0
1969,5,13.1,34.4,3.3,72.6,0
1969,6,17.5,31.1,7.2,44.2,0
1969,7,22.2,33.3,11.7,78.7,0
1969,8,23,32.2,11.7,52.3,0
1969,9,17.8,30,6.7,16.5,0
1969,10,10.6,23.3,-3.9,51.3,12.2
1969,11,4.8,15.6,-7.2,72.4,3.8
1969,12,-3.4,5,-16.7,34.3,34.3
1970,1,-7.4,8.9,-21.1,5.3,29.5
1970,2,-4.5,7.2,-21.7,11.4,15.5
1970,3,-0.3,8.9,-11.7,28.7,16.3
1970,4,8.4,24.4,-5,80.5,2.8
1970,5,13.6,30,1.7,56.1,0
1970,6,19.6,33.3,7.8,35.6,0
1970,7,22.5,30.6,12.8,107.4,0
1970,8,22.2,32.2,13.3,98.6,0
1970,9,17.7,30,6.1,53.1,0
1970,10,12.3,22.2,0.6,86.1,0
1970,11,6.3,14.4,-6.7,42.9,4.6
1970,12,-3,15.6,-15,18.8,67.8
1971,1,-6.8,6.7,-20,8.1,33.5
1971,2,-2.8,7.2,-18.3,47,42.2
1971,3,-0.7,12.8,-9.4,5.6,38.4
1971,4,6.2,18.9,-4.4,26.2,1.3
1971,5,13.5,27.8,3.9,27.2,0
1971,6,19.7,34.4,8.9,45.5,0
1971,7,21.4,32.2,12.2,59.9,0
1971,8,20.8,32.2,7.2,91.2,0
1971,9,19.2,30.6,7.8,36.8,0
1971,10,14.5,26.7,4.4,51.1,0
1971,11,4.4,21.1,-6.7,31.2,14.7
1971,12,0.8,14.4,-13.9,66.5,33.8
1972,1,-3.5,7.8,-20.6,12.2,31
1972,2,-4.8,4.4,-18.9,27.2,47.5
1972,3,-1.8,9.4,-12.8,47,40.9
1972,4,5.3,20,-11.7,49.8,11.9
1972,5,15.3,26.7,3.9,47.8,0
1972,6,17.5,28.3,5,74.4,0
1972,7,22.3,34.4,10,82.8,0
1972,8,20.6,29.4,11.1,91.4,0
1972,9,17.9,30,7.2,81,0
1972,10,8.8,20,-1.1,85.1,0
1972,11,3.4,11.7,-5.6,57.4,14.2
1972,12,-0.7,10,-12.2,60.5,49.5
1973,1,-2.2,11.1,-20,25.9,10.4
1973,2,-4.9,8.9,-20.6,19.6,24.9
1973,3,4.9,20.6,-6.1,134.9,14.2
1973,4,7.8,22.8,-3.3,52.6,1.3
1973,5,12,22.8,2.8,89.2,0
1973,6,20,33.9,11.7,73.4,0
1973,7,22.9,34.4,13.3,73.7,0
1973,8,23.7,36.1,11.1,14.2,0
1973,9,17.9,32.8,5.6,55.6,0
1973,10,12.7,21.1,2.8,136.9,0
1973,11,5.5,17.2,-4.4,80,3
1973,12,-1.9,14.4,-16.7,36.3,58.4
1974,1,-3,10.6,-17.2,31.8,30.5
1974,2,-5.4,9.4,-18.3,23.9,25.7
1974,3,0.5,16.7,-12.2,40.4,16.5
1974,4,8.8,23.9,-5,80.8,0.8
1974,5,11.8,27.8,0,144.3,0
1974,6,18.2,27.8,11.1,133.6,0
1974,7,22.4,35.6,13.3,29.5,0
1974,8,22.1,30,13.9,58.9,0
1974,9,15.8,26.7,4.4,53.1,0
1974,10,9.1,20.6,-3.3,28.4,0
1974,11,5,22.8,-6.7,62.2,1.5
1974,12,1.3,8.9,-7.2,22.6,27.4
1975,1,-1,12.2,-20,42.2,13.2
1975,2,-1.8,10,-13.3,46,29
1975,3,-0.6,10,-11.7,52.6,26.4
1975,4,4.4,16.7,-7.8,47,24.4
1975,5,17,28.9,6.7,76.5,0
1975,6,20.1,33.3,11.1,58.7,0
1975,7,23.3,33.3,12.8,71.6,0
1975,8,21.8,33.3,12.2,95.5,0
1975,9,15.4,24.4,5.6,77.7,0
1975,10,12,21.7,-1.7,38.4,0
1975,11,8.5,21.1,-2.2,45,0.8
1975,12,-2.3,13.3,-17.2,46.7,64
1976,1,-6.4,6.7,-25,15.5,53.1
1976,2,-0.1,14.4,-23.3,49.5,4.8
1976,3,2,16.7,-11.1,65,37.8
1976,4,9.3,26.7,-5,52.6,10.2
1976,5,12.4,22.8,2.2,86.1,0
1976,6,20.9,31.7,10,83.6,0
1976,7,20.6,32.8,12.8,92.7,0
1976,8,20.7,30,8.3,31.2,0
1976,9,16.5,30,5.6,76.2,0
1976,10,8.4,21.1,-2.8,46.2,0
1976,11,2.2,15,-9.4,9.9,3
1976,12,-5,6.1,-17.8,13.2,40.9
1977,1,-9.1,0,-22.8,0.3,70.8
1977,2,-3.8,6.7,-18.9,21.8,6.2
1977,3,4.1,22.8,-8.9,63,22.6
1977,4,8.9,28.3,-8.3,80.5,1.9
1977,5,16.5,33.3,2.2,25,0
1977,6,18.6,30.6,5.6,90.2,0
1977,7,22.3,36.7,13.3,139.4,0
1977,8,20.4,30,9.4,123.6,0
1977,9,17.2,28.9,8.9,157.3,0
1977,10,10.3,19.4,1.1,60.6,0
1977,11,5.9,19.4,-8.3,127.5,5.8
1977,12,-2,12.8,-15.6,68.4,67.6
1978,1,-6.7,5,-17.8,37.4,63.4
1978,2,-6.8,1.1,-17.8,0,28.3
1978,3,-1.3,8.9,-13.3,35.7,11.4
1978,4,5.9,18.9,-4.4,62.4,0.8
1978,5,14.4,29.4,-0.6,58.3,0
1978,6,18.5,32.8,7,22,0
1978,7,21.5,32.6,11.7,41.2,0
1978,8,21.1,30.2,13.2,74.8,0
1978,9,16.5,31.8,5,131,0
1978,10,10.1,20.7,-0.5,38.2,0
1978,11,4.6,16.7,-8.2,51,13.4
1978,12,-0.9,10.5,-12.1,52.6,14.2
1979,1,-6,3.6,-18.5,66.4,55.4
1979,2,-8.8,5.5,-24.7,10.6,26.2
1979,3,2.9,17.2,-14.9,49.7,1.2
1979,4,6.6,22.3,-6.6,80.2,37.6
1979,5,12.7,29.3,0.6,67.2,0
1979,6,18.3,30.4,7.3,45.2,0
1979,7,21.9,30.3,10.5,76.8,0
1979,8,19.9,29.5,10.1,49.8,0
1979,9,16.7,29.7,4.2,40,0
1979,10,9.5,23.3,0,75.5,0
1979,11,5.4,16.5,-7,77.8,0.8
1979,12,0.3,13.3,-15.1,93.3,56.3
1980,1,-3.6,9.3,-16.2,35.8,10.8
1980,2,-5.7,4.9,-22.4,6.1,14.9
1980,3,-0.1,13.5,-18.4,71.2,38.1
1980,4,7.8,18.5,-4.9,117,0.2
1980,5,15.5,30,3.5,48.1,0
1980,6,16.1,31.3,4.9,85.2,0
1980,7,21.9,31,13,87,0
1980,8,22.5,30.9,13.8,39.6,0
1980,9,16.9,27.3,2.5,55.2,0
1980,10,8.6,22.6,-0.7,81.6,0
1980,11,3.5,13.1,-4.2,32.4,10.9
1980,12,-4.3,12,-23.9,36.3,28.3
1981,1,-7.9,7.7,-26.9,0,27
1981,2,-0.4,10.6,-19.8,59.4,24
1981,3,1.9,19.9,-12.4,14,4.1
1981,4,8.3,20.8,-3,47.2,0
1981,5,13.3,26.2,3.4,72.2,0
1981,6,18.9,30.1,7.7,59.6,0
1981,7,22.2,33.2,12,63,0
1981,8,20.8,27.6,11.8,166.2,0
1981,9,16.1,28,4.2,112.8,0
1981,10,8.3,17.9,-0.5,123.4,0
1981,11,5.1,17.6,-4,52.6,0
1981,12,-1.1,6.9,-11.7,22.8,24.8
1982,1,-7.8,7.7,-25.1,28.4,69.3
1982,2,-4.7,7.2,-17.6,9.4,28.8
1982,3,0.2,16.5,-15.1,45.8,29
1982,4,5.9,20.9,-10.5,42.7,7
1982,5,15.2,25.2,7.7,66.5,0
1982,6,16.6,26.6,8,129.4,0
1982,7,22.2,30.6,11.5,48.1,0
1982,8,18.8,28.1,5.5,113.5,0
1982,9,16.1,27.9,5.6,112.6,0
1982,10,11.3,22.7,2,36.1,0
1982,11,5.6,16.2,-5.5,109.8,2.6
1982,12,2.3,19.9,-14.3,53.8,29.8
1983,1,-2.3,7.1,-17.8,29.6,10.8
1983,2,-1.5,8.8,-16.1,38.9,9.6
1983,3,2.2,11.2,-11.2,58.5,18.6
1983,4,6.9,24.2,-1.9,87.5,1.6
1983,5,11.3,22.7,0.3,117.2,0
1983,6,20,32.8,5.9,29.6,0
1983,7,23.4,35.4,11.6,19.3,0
1983,8,22.4,33.9,14,103.1,0
1983,9,18.2,34.1,6.2,44.3,0
1983,10,10.9,24.7,-0.8,86.8,0
1983,11,4.5,16.4,-5.9,85.1,18.3
1983,12,-4.2,5.5,-20.6,69,34.3
1984,1,-6.6,3.5,-20.6,5,43.7
1984,2,0.5,13.9,-15.3,40,47.7
1984,3,-2.6,9.1,-17.4,37.3,23
1984,4,8.2,23.1,-0.2,66,0
1984,5,11.7,25.2,3,100,0
1984,6,19.7,30.6,9.8,53.7,0
1984,7,21.2,31.8,10.2,44,0
1984,8,22.3,30.8,11.4,56.8,0
1984,9,15.6,25.5,5.2,81.3,0
1984,10,12,23.5,2.8,22.8,0
1984,11,4.8,18.2,-6.1,69.6,0.2
1984,12,1.7,15.6,-10.5,39.1,24
1985,1,-6.2,2.9,-20.8,8.6,42.4
1985,2,-3.5,9.5,-15.7,39.8,47.6
1985,3,2.1,17.6,-10.9,64.3,33.4
1985,4,8.6,27.7,-4.6,28.6,5.4
1985,5,14.7,28.4,3.8,76.8,0
1985,6,17.1,28.4,7.8,41.8,0
1985,7,21,29.4,12.9,47.2,0
1985,8,20.5,28.7,11.3,118,0
1985,9,18.4,30.1,7.1,64.6,0
1985,10,11.4,19.4,0.9,61,0
1985,11,4.8,17.8,-3.2,171.8,13.8
1985,12,-3.2,11.8,-14.3,16,27.4
1986,1,-3.9,8.3,-19.2,14.6,25
1986,2,-4.4,4.3,-14.1,21,31.2
1986,3,2,23.6,-17,46.2,15.2
1986,4,9.3,23.9,-2.7,47,2.4
1986,5,15.8,31.5,0.7,71.6,0
1986,6,17.8,28.3,7.3,81.2,0
1986,7,22,31,12.8,87.6,0
1986,8,20,28.8,6.9,191.7,0
1986,9,16,24.3,4.9,217.8,0
1986,10,10.6,20.5,0.5,56.2,0
1986,11,3.4,16.2,-8.2,35.6,14.4
1986,12,0.4,5.1,-14.1,80.5,23
1987,1,-2.5,6.9,-16,4.4,67.2
1987,2,-3.2,4.8,-20.9,15.8,12.4
1987,3,3.6,17.9,-13.9,36.4,25.5
1987,4,10.3,27.8,-4.7,50.4,4.2
1987,5,15.8,32.7,2.6,58.4,0
1987,6,20.8,34.2,8.8,70.2,0
1987,7,23.7,34.1,13.3,73.6,0
1987,8,21.1,32.5,10.4,57.2,0
1987,9,17,25.6,6.4,96.4,0
1987,10,8.8,18.2,-0.5,47,0
1987,11,5,20.2,-12,84.2,7
1987,12,1.2,12.3,-14.9,51.4,9.8
1988,1,-3.1,12,-21.9,22.6,13.4
1988,2,-4.1,8.9,-17.4,21.2,56
1988,3,0.9,17.7,-14.9,21.6,6.2
1988,4,7.3,16.6,-1,60.2,0
1988,5,15.2,32.6,4.2,37.2,0
1988,6,19.7,35.3,7.9,16.6,0
1988,7,24.2,37.2,12.8,81.2,0
1988,8,22.7,33.5,12.2,53.2,0
1988,9,16.6,26.7,7.8,79.2,0
1988,10,8.7,25,-1.8,79,0
1988,11,6,15.2,-0.2,68.8,0
1988,12,-1,10.7,-17,28.4,18.8
1989,1,-0.4,11.5,-20.5,22.2,12.6
1989,2,-4.5,7,-15.9,5.8,29
1989,3,-0.8,19.5,-19.1,19.4,19.4
1989,4,6.2,16.3,-5.1,30.2,7.4
1989,5,14.2,26.9,2.1,82.4,0
1989,6,19.4,30,11.1,105.8,0
1989,7,23.1,32.5,14.1,46,0
1989,8,21.2,33.2,10.2,48.6,0
1989,9,17.2,28.2,2.4,70,0
1989,10,11.1,22.1,1.9,100,0.2
1989,11,3.7,16.9,-11.2,88.6,15
1989,12,-7.8,5.1,-22.2,4.2,42.2
1990,1,0.5,10.1,-11.9,23.6,20.6
1990,2,-2,12,-16.5,54.8,38.8
1990,3,2,20.4,-12.5,23.8,7.8
1990,4,9.5,31.2,-4.1,55.8,1.8
1990,5,12.7,23.4,3.5,89.2,0
1990,6,19.3,29.8,7.4,69.2,0
1990,7,22.1,35.9,14.1,69.6,0
1990,8,21.6,30.5,13.2,101.6,0
1990,9,16.9,28.7,5.1,51.2,0
1990,10,10.7,25.8,-0.5,96.8,0
1990,11,6,20.4,-1.4,47,0.6
1990,12,0.7,11.8,-12.7,101.6,30
1991,1,-3.9,5.7,-17.8,12.4,32.8
1991,2,-0.7,11,-17.4,4.6,25.8
1991,3,2.6,16.1,-9.4,106.6,11
1991,4,9.3,23.2,-1.8,129.8,4
1991,5,17.1,29.4,4.1,60.2,0
1991,6,21.3,34,9.1,35,0
1991,7,22.8,35,13.2,101.2,0
1991,8,22.5,34,14.5,83.6,0
1991,9,17.1,32.3,3.3,68.8,0
1991,10,11.6,22.6,-0.7,53.2,0
1991,11,4.2,17.7,-4.5,46,17.8
1991,12,-0.5,13.1,-14.9,19.2,38.6
1992,1,-2.7,6.4,-20.8,31.8,16.2
1992,2,-2,6.4,-17.8,25.6,10.2
1992,3,0,12.1,-13.6,21.8,12.6
1992,4,6.6,17.3,-4,109.6,1
1992,5,13.9,28.4,4.3,74.6,0
1992,6,17.5,30.7,6.2,35.4,0
1992,7,19,27.2,11.7,101.6,0
1992,8,19.1,30.2,9.6,109.8,0
1992,9,16.4,27.2,4.7,113,0
1992,10,9.1,25,-2.3,77.4,0
1992,11,4.4,14.9,-4.8,100.8,7.2
1992,12,0.4,9,-13,25.4,37.4
1993,1,-2.2,11.4,-12.5,57.8,37.8
1993,2,-6.2,5.2,-19.9,0,50.6
1993,3,0,15.6,-15,15.4,28.2
1993,4,7.8,20.4,0,68.8,1.8
1993,5,13.7,28.3,4.5,57.8,0
1993,6,18.3,28,7.9,125,0
1993,7,22.8,31.5,14.4,91.6,0
1993,8,22.5,34.4,12.3,43.6,0
1993,9,15.2,25.9,2.2,67,0
1993,10,9.5,21.5,-0.8,76.4,0
1993,11,4.5,14.7,-8.9,78.4,1.8
1993,12,-0.6,10.6,-18.1,25.2,2.8
1994,1,-10,5,-25.9,26.8,75.4
1994,2,-6,9.9,-20,0,33.2
1994,3,0.9,14.2,-9.7,26.6,28.8
1994,4,8.2,26,-2,79,10.4
1994,5,12.8,27.4,2.3,90.4,0
1994,6,19.9,32.8,7.3,33.6,0
1994,7,22.6,31.4,13.7,52.4,0
1994,8,20.3,28.8,11.2,63.8,0
1994,9,17.4,27.6,7.5,54.8,0
1994,10,11.5,21.8,3.2,33.4,0
1994,11,7.1,18.2,-4.6,67,4
1994,12,1.6,11,-13.7,32.2,24.4
1995,1,-1.3,14.7,-15,115,25.2
1995,2,-5.4,8.8,-21.2,9.6,14.2
1995,3,3.4,19.4,-12.7,32.2,4.6
1995,4,5.4,17.7,-7.9,72.2,3
1995,5,14.2,28.1,5.5,77.2,0
1995,6,20.8,35.6,9.8,55.2,0
1995,7,22.8,35.6,10.2,50.2,0
1995,8,23.1,33.8,12.7,129.4,0
1995,9,15.9,29.7,5.9,33.2,0
1995,10,12.3,24.2,2.6,131.2,0
1995,11,2.5,19.5,-6.5,108.8,31.2
1995,12,-3.3,6.7,-15.2,8.4,26.4
1996,1,-4.7,13.4,-18.8,61.2,19
1996,2,-3.8,9.8,-18.1,30.8,12.8
1996,3,-0.9,13.9,-15,10.4,33.6
1996,4,5.7,22.3,-3.8,85.2,19.8
1996,5,12.8,28.7,2,92.4,0
1996,6,19.3,31.9,10.8,126.2,0
1996,7,20.9,30.2,11.5,123.2,0
1996,8,22.1,30.1,14.4,47.4,0
1996,9,17.8,28.6,6.2,202.4,0
1996,10,10.6,23.1,1,75.8,0
1996,11,2.4,18.4,-7.7,22.4,10
1996,12,1.2,12.2,-11.7,81,31.6
1997,1,-4.6,11,-22.3,20.2,57
1997,2,-1,11.2,-16.1,70.8,32.2
1997,3,0.6,16.4,-9.5,33.6,39.6
1997,4,7.1,21.4,-8.5,23.4,4
1997,5,10.9,21.1,2.5,62.4,0
1997,6,20.6,32.9,10,55.8,0
1997,7,21.6,32.5,11.7,37.8,0
1997,8,20.2,31.2,11.5,85.4,0
1997,9,16.9,27.1,5.5,52.8,0
1997,10,10.8,25.3,-0.1,34.2,1.2
1997,11,3.9,13.7,-5.5,40.6,29
1997,12,0.8,8.1,-15.7,23.2,11.8
1998,1,-0.7,12,-11.3,70.6,38.8
1998,2,1.4,9.3,-10.8,46.6,0.8
1998,3,3.5,25.7,-12.9,70.4,34
1998,4,9.8,20.7,0.8,48.6,0
1998,5,18,29.3,8.4,59.2,0
1998,6,19.6,31.6,6,83.6,0
1998,7,22.3,31.8,13.8,54.8,0
1998,8,22.7,32.8,12.3,32,0
1998,9,19.4,33.2,7.6,49,0
1998,10,12.2,21.5,3,22.8,0
1998,11,6.3,16.4,-1.3,38.6,0
1998,12,2.3,16.8,-16,37.6,6
1999,1,-4.4,10.9,-22.6,26.2,118.4
1999,2,-0.1,12.2,-15,27.2,5
1999,3,1.7,21.4,-13.9,4,25.8
1999,4,8.9,19.1,0.9,39.8,7
1999,5,16.4,30.3,6.3,47,0
1999,6,21.1,32,9.6,64.8,0
1999,7,24.7,35.2,13.5,35.4,0
1999,8,20.9,31.7,11.2,77.4,0
1999,9,19.1,30.4,5.2,100.6,0
1999,10,10.8,21.3,1,64.4,0
1999,11,6.8,22.5,-4,76,1.2
1999,12,1,13.4,-11,30.4,3.8
2000,1,-4,12.9,-20.9,16.2,20.6
2000,2,-0.8,13,-12.1,13.4,37.8
2000,3,5.4,21.3,-5.4,7.6,11.8
2000,4,7.5,21,-3.1,75.4,7.6
2000,5,15.2,30.4,5.6,135.2,0
2000,6,18.7,29.2,9.7,162.2,0
2000,7,20.9,28.2,12.2,42,0
2000,8,21.3,30.4,9.3,35.2,0
2000,9,16.9,30.4,2.6,65.2,0
2000,10,12,22.5,1.4,20,0
2000,11,5.1,17,-9.7,53,1.2
2000,12,-4.9,6.8,-16.6,11.4,76.2
